title,link,breadcrumbs,description
Montana State University Library - MSU Library | Montana ...,https://www.lib.montana.edu/,https://www.lib.montana.edu,"Montana State University (MSU) Library is here to help students, faculty, and the people of Montana with their quest for information and research."
Montana State University Library - MSU Library | Montana ...,https://www.lib.montana.edu/,https://www.lib.montana.edu,"Montana State University (MSU) Library is here to help students, faculty, and the people of Montana with their quest for information and research."
MSU Library | Montana State University,https://www.montana.edu/calendar/locations.php?building=53,https://www.montana.edu › calendar › locations,"Conveniently located in the center of campus, the Library supports teaching, learning and research at MSU. Students, faculty, and community members have ..."
MSU Libraries: Home,https://lib.msu.edu/,https://lib.msu.edu,"Michigan State University Archives & Historical Collections is documenting the experiences of MSU students, staff, faculty, and other members of the campus ...Hollander MakeCentral Service Desk: ClosedMurray and Hong Special Collections: Make an ..."
Mississippi State University Libraries: Home,https://www.library.msstate.edu/,https://www.library.msstate.edu,"Libraries · Bob and Kathy Luke Architecture, Art and Design Library · College of Veterinary Medicine Library · Gertrude C. Ford Foundation Library (Jackson Design ..."
MSU Libraries - Home | Facebook,https://www.facebook.com/msulibraries/,https://www.facebook.com › ... › Library,"MSU Libraries, East Lansing, Michigan. 3101 likes · 28 talking about this · 15459 were here. Have a research question? Ask a Librarian!... Rating: 4.8 · ‎27 votes"
Moffett Library - MSU Texas,https://msutexas.edu/library/,https://msutexas.edu › library,"View Moffett Library's A-Z database list or search by subject. Book clipart. Research Guides Research assistance, subject guides, and useful resources ..."
Camden-Carroll Library - Home - Research Guides,https://research.moreheadstate.edu/home,https://research.moreheadstate.edu › ...,"Oct 21, 2021 — Discover something new... ... Camden-Carroll Library is a federal depository for government documents. Learn more. ... Report a problem. ... MSU is an ..."
University Libraries,https://lib.murraystate.edu/,https://lib.murraystate.edu,... Racer Writing Center · Einstein Bagels · Wrather West KY Museum · Pogue Library · Facebook Twitter Instagram. © 2017 Murray State University Libraries ...
"Library Services | Minnesota State University, Mankato",https://library.mnsu.edu/,https://library.mnsu.edu,"Study in group or quiet spaces. Access online and physical journal articles, books, movies, and more. Use technology, printers, and scanners."
Montana State University Library - Wikipedia,https://en.wikipedia.org/wiki/Montana_State_University_Library,https://en.wikipedia.org › wiki › Montana_State_Univer...,"The Montana State University Library (MSU Library) is the academic library of Montana State University, Montana's land-grant university, in Bozeman, Montana ...Budget: $9,051,839 FY 2020Staff: 59"
MSU Billings Library,https://www.msubillings.edu/library/,https://www.msubillings.edu › library,Please visit our MSUB Library Services Updates page for information on Library access and services. Advanced Search | My Account ...
MSU Library (@msulibrary) / Twitter,https://twitter.com/msulibrary?lang=en,https://twitter.com › msulibrary,Montana State University Library. We connect you with the information and resources that you need. We are proud to be a part of the Bobcat community!
MSU's Main Library: What you need to know - The State News,https://statenews.com/article/2021/09/msus-main-library-what-you-need-to-know?ct=content_open&cv=cbox_latest,https://statenews.com › article › 2021/09 › msus-main-li...,"Sep 8, 2021 — Outside the MSU Library on August 26th, 2021. ... MSU's Main Library is made up of four stories, a basement and over seven million volumes, ..."
MSU - Library Q&A - Minot State University,https://www.minotstateu.edu/enroll/events/preview-day/library.shtml,https://www.minotstateu.edu › events › preview-day › li...,Library Q&A. Here are some commonly asked questions about the library and its resources. You can reach the library at 701-858-3296 or visit ...
Vande Bogart Library - MSU Northern,https://www.msun.edu/library/,https://www.msun.edu › library,Montana State University-Northern Vande Bogart Library.
Harry A. Sprague Library - Montclair State University,https://www.montclair.edu/library/,https://www.montclair.edu › library,Check the library hours. See also our new Status and Updates page. Ask a Librarian. Chat With Us · Email Us Your Question; Text Us ...
The YouTube Channel of the MSU Libraries is Popular,https://libnotes.missouristate.edu/2018/10/the-youtube-channel-of-the-msu-libraries-is-popular/,https://libnotes.missouristate.edu › 2018/10 › the-youtu...,"Oct 25, 2018 — Shannon County Film Series from the 1980s; MSU Libraries Tutorial Series: Video tutorials that demonstrate how to use library services; Ozarks ..."
"MSU Library - 900 W Grant St, Bozeman, MT - Yelp",https://www.yelp.com/biz/msu-library-bozeman,https://www.yelp.com › ... › Libraries,"2 reviews of MSU Library ""It's a wonderful and old fashioned place during the summer's they are quite and peaceful especially with the fountain on the 3rd ... Rating: 5 · ‎2 reviewsHow is MSU Library rated?What days are MSU Library open?"
Friends of MSU Library Book Club | Library Calendar List,https://www.bozemanlibrary.org/Home/Components/Calendar/Event/13538/2981?npage=44&sortn=EDate&sortd=asc&toggle=allpast,https://www.bozemanlibrary.org › Calendar › Event,"Jul 9, 2019 — The Friends of the MSU Library will meet Tuesday, July 9 to discuss Dog Run Moon by Callin Wink. The MSU Friends will meet in the Conference ..."
Montana State University Library - YouTube,https://www.youtube.com/user/msulibrary,https://www.youtube.com › user › msulibrary,"Within the channel, you can browse and search media produced by or affiliated with Montana State University Library. Content ranges from instructional ..."
MSU Libraries (@msulibraries) • Instagram photos and videos,https://www.instagram.com/msulibraries/,https://www.instagram.com › msulibraries,MSU Libraries. Michigan State University Libraries #Library www.lib.msu.edu/artcontest. Highlights's profile picture. Highlights.
Midlands State University Library,https://library.msu.ac.zw/,https://library.msu.ac.zw,As the MSU Library we wish to continue providing access to appropriate information resources that support quality research and teaching. Our Library is ...
